Workbook

Sheet Read Me
A1: Brightside Learning: workshop session data
A4: Purpose of this sample
A5: This fictional workbook contains one row for each workshop session run from April through June 2026. Use it to practice explaining, cleaning, calculating, and visualizing spreadsheet data with ChatGPT.
A8: Business question
A9: Which courses and delivery formats should Brightside Learning schedule more often next quarter, based on net revenue per session, attendance rate, and satisfaction?
A12: Measure | B12: How to calculate it | C12: Why it matters | E12: Before you calculate
A13: Gross revenue | B13: Bookings × fee per attendee | C13: Shows sales before refunds | E13: The source data contains deliberate quality problems. Ask ChatGPT to find and report them before changing any values. Do not guess missing information. Keep the original sheet unchanged and make a cleaned copy.
A14: Net revenue | B14: Gross revenue − refunds | C14: Shows revenue kept after refunds
A15: Attendance rate | B15: (Bookings − no-shows) ÷ bookings | C15: Shows how many booked attendees came
A16: Satisfaction | B16: Average of stated scores from 1 to 5 | C16: Shows how attendees rated a session
A18: All names, sessions, and figures are fictional. Currency values are in US dollars.

Sheet Workshop Sessions
A1: Brightside Learning: raw workshop sessions
A3: Source data for April-June 2026. Inspect and clean this sheet before using it for calculations.
A5: Session ID | B5: Session date | C5: Course | D5: Delivery format | E5: Location | F5: Capacity | G5: Bookings | H5: No-shows | I5: Fee per attendee | J5: Refunds | K5: Satisfaction (1-5) | L5: Session note
A6: S-101 | B6: 46115.5 | C6: AI at Work | D6: Online | E6: Remote | F6: 24 | G6: 22 | H6: 2 | I6: 85 | J6: 85 | K6: 4.6 | L6: Strong demand from first-time customers
A7: S-102 | B7: 46119.5 | C7: Excel Essentials | D7: In-person | E7: Austin | F7: 18 | G7: 16 | H7: 1 | I7: 75 | J7: 0 | K7: 4.4
A8: S-103 | B8: 46122.5 | C8: Project Planning | D8: Online | E8: Remote | F8: 24 | G8: 18 | H8: 4 | I8: 95 | J8: 190 | K8: 4.1 | L8: Two attendees received full refunds
A9: S-104 | B9: 46126.5 | C9: Present with Confidence | D9: In-person | E9: Chicago | F9: 16 | G9: 13 | H9: 1 | I9: 110 | J9: 0 | K9: 4.8 | L9: Small group worked well
A10: S-105 | B10: 46130.5 | C10: AI at work | D10: In person | E10: Denver | F10: 20 | G10: 19 | H10: 2 | I10: 95 | J10: 95 | K10: 4.7
A11: S-106 | B11: 46134.5 | C11: Excel Essentials | D11: Online | E11: REMOTE | F11: 30 | G11: 25 | H11: 5 | I11: 65 | J11: 65 | K11: 4 | L11: Several late cancellations
A12: S-107 | B12: 46137.5 | C12: Project Planning | D12: In-person | E12: Austin | F12: 18 | G12: 17 | H12: 1 | I12: 120 | K12: 4.5 | L12: Refund total not entered
A13: S-108 | B13: 46141.5 | C13: Present with Confidence | D13: Online | E13: Remote | F13: 24 | G13: 15 | H13: 3 | I13: 90 | J13: 0 | K13: 4.2
A14: S-109 | B14: 46144.5 | C14: AI at Work | D14: Online | E14: Remote | F14: 24 | G14: 24 | H14: 1 | I14: 85 | J14: 0 | K14: 4.8 | L14: Waitlist opened
A15: S-110 | B15: 46148.5 | C15: Excel essentials | D15: In-person | E15: Chicago | F15: 18 | G15: 15 | H15: 2 | I15: 80 | J15: 80 | K15: 4.3
A16: S-111 | B16: 46151.5 | C16: Project Planning | D16: Online | E16: Remote | F16: 24 | G16: 20 | H16: 2 | I16: 95 | J16: 0 | L16: Feedback form was not sent
A17: S-112 | B17: 46155.5 | C17: Present with Confidence | D17: In-person | E17: Austin | F17: 16 | G17: 15 | H17: 0 | I17: 110 | J17: 0 | K17: 4.9 | L17: Highest satisfaction this month
A18: S-113 | B18: 46158.5 | C18: AI at Work | D18: In-person | E18: Denver | F18: 20 | G18: 18 | H18: 1 | I18: 95 | J18: 0 | K18: 4.6
A19: S-114 | B19: 46162.5 | C19: Excel Essentials | D19: Online | E19: Remote | F19: 30 | G19: 27 | H19: 6 | I19: 65 | J19: 130 | K19: 3.9 | L19: Platform outage delayed the start
A20: S-114 | B20: 46162.5 | C20: Excel Essentials | D20: Online | E20: Remote | F20: 30 | G20: 27 | H20: 6 | I20: 65 | J20: 130 | K20: 3.9 | L20: Platform outage delayed the start
A21: S-115 | B21: 46165.5 | C21: Project Planning | D21: In-person | E21: Chicago | F21: 18 | G21: 16 | H21: 1 | I21: 120 | J21: 0 | K21: 4.6
A22: S-116 | B22: 46170.5 | C22: Present with Confidence | D22: Online | E22: Remote | F22: 24 | G22: 17 | H22: 2 | I22: 90 | J22: 90 | K22: 4.3
A23: S-117 | B23: 46175.5 | C23: AI at Work | D23: Online | E23: Remote | F23: 24 | G23: 23 | H23: 1 | I23: 85 | J23: 0 | K23: 4.7
A24: S-118 | B24: 46178.5 | C24: Excel Essentials | D24: In-person | E24: Austin | F24: 18 | G24: 17 | H24: 0 | I24: 80 | J24: 0 | K24: 4.5
A25: S-119 | B25: 46182.5 | C25: Project Planning | D25: In-person | E25: Denver | F25: 20 | G25: 23 | H25: 2 | I25: 120 | J25: 0 | K25: 4.4 | L25: Bookings exceed listed capacity
A26: S-120 | B26: June 12, 2026 | C26: Present with Confidence | D26: online | E26: Remote | F26: 24 | G26: 19 | H26: 3 | I26: 90 | J26: 0 | K26: 4.4 | L26: Date stored differently from other rows
A27: S-121 | B27: 46189.5 | C27: AI at Work | D27: In-person | E27: Chicago | F27: 20 | G27: 20 | H27: 1 | I27: 95 | J27: 95 | K27: 4.8
A28: S-122 | B28: 46191.5 | C28: Excel Essentials | D28: Online | E28: Remote | F28: 30 | G28: 26 | H28: 3 | I28: 65 | J28: 0 | K28: 4.2
A29: S-123 | B29: 46193.5 | C29: Project Planning | D29: Online | E29: Remote | F29: 24 | G29: 19 | H29: 2 | I29: 95 | J29: 95 | K29: 4.3
A30: S-124 | B30: 46196.5 | C30: Present with Confidence | D30: In-person | E30: Austin | F30: 16 | G30: 14 | H30: 1 | I30: 110 | J30: 0 | K30: 4.7
A31: S-125 | B31: 46198.5 | C31: AI at Work | D31: Online | E31: Remote | F31: 24 | G31: 21 | H31: 1 | I31: 85 | J31: 0 | K31: 4.6
A32: S-126 | B32: 46199.5 | C32: Excel Essentials | D32: In-person | E32: Denver | F32: 18 | G32: 14 | H32: 2 | I32: 80 | J32: 0 | K32: 4.1
A33: S-127 | B33: 46200.5 | C33: Project Planning | D33: Online | E33: Remote | F33: 24 | G33: 21 | H33: 3 | I33: 95 | J33: 0 | K33: 4.5
A34: S-128 | B34: 46203.5 | C34: Present with Confidence | D34: In-person | E34: Chicago | F34: 16 | G34: 16 | H34: 1 | I34: 110 | J34: 110 | K34: 4.8 | L34: One attendee received a full refund

Sheet Cleaned Sessions
A1: Brightside Learning: cleaned workshop sessions
A3: Cleaned copy of the Workshop Sessions sheet. Exact duplicate rows removed, text values standardized where they clearly refer to the same course, format, or location, and recognizable text dates converted to real dates. Missing values and questionable figures were left as-is - see the Data Issues sheet.
A5: Session ID | B5: Session date | C5: Course | D5: Delivery format | E5: Location | F5: Capacity | G5: Bookings | H5: No-shows | I5: Fee per attendee | J5: Refunds | K5: Satisfaction (1-5) | L5: Session note | M5: Attended | N5: Gross revenue | O5: Net revenue | P5: Attendance rate | Q5: Review flag
A6: S-101 | B6: 46115.5 | C6: AI at Work | D6: Online | E6: Remote | F6: 24 | G6: 22 | H6: 2 | I6: 85 | J6: 85 | K6: 4.6 | L6: Strong demand from first-time customers | M6: =G6-H6 -> 20 | N6: =G6*I6 -> 1870 | O6: =IF(ISBLANK(J6),"",N6-J6) -> 1785 | P6: =IF(G6=0,"",M6/G6) -> 0.90909091 | Q6: =IF(ISBLANK(J6),"Refund missing - net revenue not calculated - needs review","")
A7: S-102 | B7: 46119.5 | C7: Excel Essentials | D7: In-person | E7: Austin | F7: 18 | G7: 16 | H7: 1 | I7: 75 | J7: 0 | K7: 4.4 | M7: =G7-H7 -> 15 | N7: =G7*I7 -> 1200 | O7: =IF(ISBLANK(J7),"",N7-J7) -> 1200 | P7: =IF(G7=0,"",M7/G7) -> 0.9375 | Q7: =IF(ISBLANK(J7),"Refund missing - net revenue not calculated - needs review","")
A8: S-103 | B8: 46122.5 | C8: Project Planning | D8: Online | E8: Remote | F8: 24 | G8: 18 | H8: 4 | I8: 95 | J8: 190 | K8: 4.1 | L8: Two attendees received full refunds | M8: =G8-H8 -> 14 | N8: =G8*I8 -> 1710 | O8: =IF(ISBLANK(J8),"",N8-J8) -> 1520 | P8: =IF(G8=0,"",M8/G8) -> 0.77777778 | Q8: =IF(ISBLANK(J8),"Refund missing - net revenue not calculated - needs review","")
A9: S-104 | B9: 46126.5 | C9: Present with Confidence | D9: In-person | E9: Chicago | F9: 16 | G9: 13 | H9: 1 | I9: 110 | J9: 0 | K9: 4.8 | L9: Small group worked well | M9: =G9-H9 -> 12 | N9: =G9*I9 -> 1430 | O9: =IF(ISBLANK(J9),"",N9-J9) -> 1430 | P9: =IF(G9=0,"",M9/G9) -> 0.92307692 | Q9: =IF(ISBLANK(J9),"Refund missing - net revenue not calculated - needs review","")
A10: S-105 | B10: 46130.5 | C10: AI at Work | D10: In-person | E10: Denver | F10: 20 | G10: 19 | H10: 2 | I10: 95 | J10: 95 | K10: 4.7 | M10: =G10-H10 -> 17 | N10: =G10*I10 -> 1805 | O10: =IF(ISBLANK(J10),"",N10-J10) -> 1710 | P10: =IF(G10=0,"",M10/G10) -> 0.89473684 | Q10: =IF(ISBLANK(J10),"Refund missing - net revenue not calculated - needs review","")
A11: S-106 | B11: 46134.5 | C11: Excel Essentials | D11: Online | E11: Remote | F11: 30 | G11: 25 | H11: 5 | I11: 65 | J11: 65 | K11: 4 | L11: Several late cancellations | M11: =G11-H11 -> 20 | N11: =G11*I11 -> 1625 | O11: =IF(ISBLANK(J11),"",N11-J11) -> 1560 | P11: =IF(G11=0,"",M11/G11) -> 0.8 | Q11: =IF(ISBLANK(J11),"Refund missing - net revenue not calculated - needs review","")
A12: S-107 | B12: 46137.5 | C12: Project Planning | D12: In-person | E12: Austin | F12: 18 | G12: 17 | H12: 1 | I12: 120 | K12: 4.5 | L12: Refund total not entered | M12: =G12-H12 -> 16 | N12: =G12*I12 -> 2040 | O12: =IF(ISBLANK(J12),"",N12-J12) | P12: =IF(G12=0,"",M12/G12) -> 0.94117647 | Q12: =IF(ISBLANK(J12),"Refund missing - net revenue not calculated - needs review","") -> Refund missing - net revenue not calculated - needs review
A13: S-108 | B13: 46141.5 | C13: Present with Confidence | D13: Online | E13: Remote | F13: 24 | G13: 15 | H13: 3 | I13: 90 | J13: 0 | K13: 4.2 | M13: =G13-H13 -> 12 | N13: =G13*I13 -> 1350 | O13: =IF(ISBLANK(J13),"",N13-J13) -> 1350 | P13: =IF(G13=0,"",M13/G13) -> 0.8 | Q13: =IF(ISBLANK(J13),"Refund missing - net revenue not calculated - needs review","")
A14: S-109 | B14: 46144.5 | C14: AI at Work | D14: Online | E14: Remote | F14: 24 | G14: 24 | H14: 1 | I14: 85 | J14: 0 | K14: 4.8 | L14: Waitlist opened | M14: =G14-H14 -> 23 | N14: =G14*I14 -> 2040 | O14: =IF(ISBLANK(J14),"",N14-J14) -> 2040 | P14: =IF(G14=0,"",M14/G14) -> 0.95833333 | Q14: =IF(ISBLANK(J14),"Refund missing - net revenue not calculated - needs review","")
A15: S-110 | B15: 46148.5 | C15: Excel Essentials | D15: In-person | E15: Chicago | F15: 18 | G15: 15 | H15: 2 | I15: 80 | J15: 80 | K15: 4.3 | M15: =G15-H15 -> 13 | N15: =G15*I15 -> 1200 | O15: =IF(ISBLANK(J15),"",N15-J15) -> 1120 | P15: =IF(G15=0,"",M15/G15) -> 0.86666667 | Q15: =IF(ISBLANK(J15),"Refund missing - net revenue not calculated - needs review","")
A16: S-111 | B16: 46151.5 | C16: Project Planning | D16: Online | E16: Remote | F16: 24 | G16: 20 | H16: 2 | I16: 95 | J16: 0 | L16: Feedback form was not sent | M16: =G16-H16 -> 18 | N16: =G16*I16 -> 1900 | O16: =IF(ISBLANK(J16),"",N16-J16) -> 1900 | P16: =IF(G16=0,"",M16/G16) -> 0.9 | Q16: =IF(ISBLANK(J16),"Refund missing - net revenue not calculated - needs review","")
A17: S-112 | B17: 46155.5 | C17: Present with Confidence | D17: In-person | E17: Austin | F17: 16 | G17: 15 | H17: 0 | I17: 110 | J17: 0 | K17: 4.9 | L17: Highest satisfaction this month | M17: =G17-H17 -> 15 | N17: =G17*I17 -> 1650 | O17: =IF(ISBLANK(J17),"",N17-J17) -> 1650 | P17: =IF(G17=0,"",M17/G17) -> 1 | Q17: =IF(ISBLANK(J17),"Refund missing - net revenue not calculated - needs review","")
A18: S-113 | B18: 46158.5 | C18: AI at Work | D18: In-person | E18: Denver | F18: 20 | G18: 18 | H18: 1 | I18: 95 | J18: 0 | K18: 4.6 | M18: =G18-H18 -> 17 | N18: =G18*I18 -> 1710 | O18: =IF(ISBLANK(J18),"",N18-J18) -> 1710 | P18: =IF(G18=0,"",M18/G18) -> 0.94444444 | Q18: =IF(ISBLANK(J18),"Refund missing - net revenue not calculated - needs review","")
A19: S-114 | B19: 46162.5 | C19: Excel Essentials | D19: Online | E19: Remote | F19: 30 | G19: 27 | H19: 6 | I19: 65 | J19: 130 | K19: 3.9 | L19: Platform outage delayed the start | M19: =G19-H19 -> 21 | N19: =G19*I19 -> 1755 | O19: =IF(ISBLANK(J19),"",N19-J19) -> 1625 | P19: =IF(G19=0,"",M19/G19) -> 0.77777778 | Q19: =IF(ISBLANK(J19),"Refund missing - net revenue not calculated - needs review","")
A20: S-115 | B20: 46165.5 | C20: Project Planning | D20: In-person | E20: Chicago | F20: 18 | G20: 16 | H20: 1 | I20: 120 | J20: 0 | K20: 4.6 | M20: =G20-H20 -> 15 | N20: =G20*I20 -> 1920 | O20: =IF(ISBLANK(J20),"",N20-J20) -> 1920 | P20: =IF(G20=0,"",M20/G20) -> 0.9375 | Q20: =IF(ISBLANK(J20),"Refund missing - net revenue not calculated - needs review","")
A21: S-116 | B21: 46170.5 | C21: Present with Confidence | D21: Online | E21: Remote | F21: 24 | G21: 17 | H21: 2 | I21: 90 | J21: 90 | K21: 4.3 | M21: =G21-H21 -> 15 | N21: =G21*I21 -> 1530 | O21: =IF(ISBLANK(J21),"",N21-J21) -> 1440 | P21: =IF(G21=0,"",M21/G21) -> 0.88235294 | Q21: =IF(ISBLANK(J21),"Refund missing - net revenue not calculated - needs review","")
A22: S-117 | B22: 46175.5 | C22: AI at Work | D22: Online | E22: Remote | F22: 24 | G22: 23 | H22: 1 | I22: 85 | J22: 0 | K22: 4.7 | M22: =G22-H22 -> 22 | N22: =G22*I22 -> 1955 | O22: =IF(ISBLANK(J22),"",N22-J22) -> 1955 | P22: =IF(G22=0,"",M22/G22) -> 0.95652174 | Q22: =IF(ISBLANK(J22),"Refund missing - net revenue not calculated - needs review","")
A23: S-118 | B23: 46178.5 | C23: Excel Essentials | D23: In-person | E23: Austin | F23: 18 | G23: 17 | H23: 0 | I23: 80 | J23: 0 | K23: 4.5 | M23: =G23-H23 -> 17 | N23: =G23*I23 -> 1360 | O23: =IF(ISBLANK(J23),"",N23-J23) -> 1360 | P23: =IF(G23=0,"",M23/G23) -> 1 | Q23: =IF(ISBLANK(J23),"Refund missing - net revenue not calculated - needs review","")
A24: S-119 | B24: 46182.5 | C24: Project Planning | D24: In-person | E24: Denver | F24: 20 | G24: 23 | H24: 2 | I24: 120 | J24: 0 | K24: 4.4 | L24: Bookings exceed listed capacity | M24: =G24-H24 -> 21 | N24: =G24*I24 -> 2760 | O24: =IF(ISBLANK(J24),"",N24-J24) -> 2760 | P24: =IF(G24=0,"",M24/G24) -> 0.91304348 | Q24: =IF(ISBLANK(J24),"Refund missing - net revenue not calculated - needs review","")
A25: S-120 | B25: 46185.5 | C25: Present with Confidence | D25: Online | E25: Remote | F25: 24 | G25: 19 | H25: 3 | I25: 90 | J25: 0 | K25: 4.4 | L25: Date stored differently from other rows | M25: =G25-H25 -> 16 | N25: =G25*I25 -> 1710 | O25: =IF(ISBLANK(J25),"",N25-J25) -> 1710 | P25: =IF(G25=0,"",M25/G25) -> 0.84210526 | Q25: =IF(ISBLANK(J25),"Refund missing - net revenue not calculated - needs review","")
A26: S-121 | B26: 46189.5 | C26: AI at Work | D26: In-person | E26: Chicago | F26: 20 | G26: 20 | H26: 1 | I26: 95 | J26: 95 | K26: 4.8 | M26: =G26-H26 -> 19 | N26: =G26*I26 -> 1900 | O26: =IF(ISBLANK(J26),"",N26-J26) -> 1805 | P26: =IF(G26=0,"",M26/G26) -> 0.95 | Q26: =IF(ISBLANK(J26),"Refund missing - net revenue not calculated - needs review","")
A27: S-122 | B27: 46191.5 | C27: Excel Essentials | D27: Online | E27: Remote | F27: 30 | G27: 26 | H27: 3 | I27: 65 | J27: 0 | K27: 4.2 | M27: =G27-H27 -> 23 | N27: =G27*I27 -> 1690 | O27: =IF(ISBLANK(J27),"",N27-J27) -> 1690 | P27: =IF(G27=0,"",M27/G27) -> 0.88461538 | Q27: =IF(ISBLANK(J27),"Refund missing - net revenue not calculated - needs review","")
A28: S-123 | B28: 46193.5 | C28: Project Planning | D28: Online | E28: Remote | F28: 24 | G28: 19 | H28: 2 | I28: 95 | J28: 95 | K28: 4.3 | M28: =G28-H28 -> 17 | N28: =G28*I28 -> 1805 | O28: =IF(ISBLANK(J28),"",N28-J28) -> 1710 | P28: =IF(G28=0,"",M28/G28) -> 0.89473684 | Q28: =IF(ISBLANK(J28),"Refund missing - net revenue not calculated - needs review","")
A29: S-124 | B29: 46196.5 | C29: Present with Confidence | D29: In-person | E29: Austin | F29: 16 | G29: 14 | H29: 1 | I29: 110 | J29: 0 | K29: 4.7 | M29: =G29-H29 -> 13 | N29: =G29*I29 -> 1540 | O29: =IF(ISBLANK(J29),"",N29-J29) -> 1540 | P29: =IF(G29=0,"",M29/G29) -> 0.92857143 | Q29: =IF(ISBLANK(J29),"Refund missing - net revenue not calculated - needs review","")
A30: S-125 | B30: 46198.5 | C30: AI at Work | D30: Online | E30: Remote | F30: 24 | G30: 21 | H30: 1 | I30: 85 | J30: 0 | K30: 4.6 | M30: =G30-H30 -> 20 | N30: =G30*I30 -> 1785 | O30: =IF(ISBLANK(J30),"",N30-J30) -> 1785 | P30: =IF(G30=0,"",M30/G30) -> 0.95238095 | Q30: =IF(ISBLANK(J30),"Refund missing - net revenue not calculated - needs review","")
A31: S-126 | B31: 46199.5 | C31: Excel Essentials | D31: In-person | E31: Denver | F31: 18 | G31: 14 | H31: 2 | I31: 80 | J31: 0 | K31: 4.1 | M31: =G31-H31 -> 12 | N31: =G31*I31 -> 1120 | O31: =IF(ISBLANK(J31),"",N31-J31) -> 1120 | P31: =IF(G31=0,"",M31/G31) -> 0.85714286 | Q31: =IF(ISBLANK(J31),"Refund missing - net revenue not calculated - needs review","")
A32: S-127 | B32: 46200.5 | C32: Project Planning | D32: Online | E32: Remote | F32: 24 | G32: 21 | H32: 3 | I32: 95 | J32: 0 | K32: 4.5 | M32: =G32-H32 -> 18 | N32: =G32*I32 -> 1995 | O32: =IF(ISBLANK(J32),"",N32-J32) -> 1995 | P32: =IF(G32=0,"",M32/G32) -> 0.85714286 | Q32: =IF(ISBLANK(J32),"Refund missing - net revenue not calculated - needs review","")
A33: S-128 | B33: 46203.5 | C33: Present with Confidence | D33: In-person | E33: Chicago | F33: 16 | G33: 16 | H33: 1 | I33: 110 | J33: 110 | K33: 4.8 | L33: One attendee received a full refund | M33: =G33-H33 -> 15 | N33: =G33*I33 -> 1760 | O33: =IF(ISBLANK(J33),"",N33-J33) -> 1650 | P33: =IF(G33=0,"",M33/G33) -> 0.9375 | Q33: =IF(ISBLANK(J33),"Refund missing - net revenue not calculated - needs review","")

Sheet Data Issues
A1: Data quality review: Workshop Sessions
A3: Original row count (Workshop Sessions) | B3: 29
A4: Cleaned row count (Cleaned Sessions) | B4: 28
A5: Duplicate rows removed | B5: 1
A6: Unresolved issues needing human review | B6: 3
A8: Session ID | B8: Column | C8: Original value | D8: Problem found | E8: Change made | F8: Human review needed?
A9: S-105 | B9: Course | C9: 'AI at work' | D9: Inconsistent capitalization/spelling | E9: Standardized to "AI at Work" | F9: No
A10: S-105 | B10: Delivery format | C10: 'In person' | D10: Inconsistent capitalization/formatting | E10: Standardized to "In-person" | F10: No
A11: S-106 | B11: Location | C11: 'REMOTE' | D11: Inconsistent capitalization | E11: Standardized to "Remote" | F11: No
A12: S-106 | B12: Satisfaction (1-5) | C12: 4 | D12: Stored as a whole number while other sessions use one decimal place | E12: No change made - value is valid, formatting differs only | F12: No
A13: S-107 | B13: Refunds | C13: (blank) | D13: Missing value (session note: "Refund total not entered") | E13: No change made - left blank | F13: Yes
A14: S-110 | B14: Course | C14: 'Excel essentials' | D14: Inconsistent capitalization/spelling | E14: Standardized to "Excel Essentials" | F14: No
A15: S-111 | B15: Satisfaction (1-5) | C15: (blank) | D15: Missing value (session note: "Feedback form was not sent") | E15: No change made - left blank | F15: Yes
A16: S-114 | B16: (entire row) | C16: Duplicate of row for S-114 | D16: Exact duplicate row | E16: Row removed | F16: No
A17: S-115 | B17: Course | C17: 'Project Planning ' | D17: Trailing space in course name | E17: Standardized to "Project Planning" | F17: No
A18: S-119 | B18: Bookings / Capacity | C18: Bookings=23, Capacity=20 | D18: Bookings exceed listed capacity | E18: No change made | F18: Yes
A19: S-120 | B19: Delivery format | C19: 'online' | D19: Inconsistent capitalization/formatting | E19: Standardized to "Online" | F19: No
A20: S-120 | B20: Session date | C20: 'June 12, 2026' | D20: Date stored as text instead of a real date | E20: Converted to date value 2026-06-12 | F20: No

Sheet Analysis
A1: Brightside Learning: session analysis
A2: Business question: which courses and delivery formats should be scheduled more often next quarter, based on net revenue per session, attendance rate, and satisfaction?
A4: 1. Summary by course
A5: Course | B5: Sessions | C5: Total bookings | D5: Total attended | E5: Attendance rate | F5: Sessions with known net revenue | G5: Total known net revenue | H5: Avg net revenue / session (known) | I5: Avg satisfaction (excl. missing)
A6: AI at Work | B6: =COUNTIF('Cleaned Sessions'!C$6:C$33,$A6) -> 7 | C6: =SUMIF('Cleaned Sessions'!C$6:C$33,$A6,'Cleaned Sessions'!$G$6:$G$33) -> 147 | D6: =SUMIF('Cleaned Sessions'!C$6:C$33,$A6,'Cleaned Sessions'!$M$6:$M$33) -> 138 | E6: =IFERROR(D6/C6,"") -> 0.93877551 | F6: =SUMPRODUCT(('Cleaned Sessions'!C$6:C$33=$A6)*(ISNUMBER('Cleaned Sessions'!$O$6:$O$33))) -> 7 | G6: =SUMIF('Cleaned Sessions'!C$6:C$33,$A6,'Cleaned Sessions'!$O$6:$O$33) -> 12790 | H6: =IFERROR(G6/F6,"") -> 1827.1429 | I6: =AVERAGEIFS('Cleaned Sessions'!$K$6:$K$33,'Cleaned Sessions'!C$6:C$33,$A6) -> 4.6857143
A7: Excel Essentials | B7: =COUNTIF('Cleaned Sessions'!C$6:C$33,$A7) -> 7 | C7: =SUMIF('Cleaned Sessions'!C$6:C$33,$A7,'Cleaned Sessions'!$G$6:$G$33) -> 140 | D7: =SUMIF('Cleaned Sessions'!C$6:C$33,$A7,'Cleaned Sessions'!$M$6:$M$33) -> 121 | E7: =IFERROR(D7/C7,"") -> 0.86428571 | F7: =SUMPRODUCT(('Cleaned Sessions'!C$6:C$33=$A7)*(ISNUMBER('Cleaned Sessions'!$O$6:$O$33))) -> 7 | G7: =SUMIF('Cleaned Sessions'!C$6:C$33,$A7,'Cleaned Sessions'!$O$6:$O$33) -> 9675 | H7: =IFERROR(G7/F7,"") -> 1382.1429 | I7: =AVERAGEIFS('Cleaned Sessions'!$K$6:$K$33,'Cleaned Sessions'!C$6:C$33,$A7) -> 4.2
A8: Present with Confidence | B8: =COUNTIF('Cleaned Sessions'!C$6:C$33,$A8) -> 7 | C8: =SUMIF('Cleaned Sessions'!C$6:C$33,$A8,'Cleaned Sessions'!$G$6:$G$33) -> 109 | D8: =SUMIF('Cleaned Sessions'!C$6:C$33,$A8,'Cleaned Sessions'!$M$6:$M$33) -> 98 | E8: =IFERROR(D8/C8,"") -> 0.89908257 | F8: =SUMPRODUCT(('Cleaned Sessions'!C$6:C$33=$A8)*(ISNUMBER('Cleaned Sessions'!$O$6:$O$33))) -> 7 | G8: =SUMIF('Cleaned Sessions'!C$6:C$33,$A8,'Cleaned Sessions'!$O$6:$O$33) -> 10770 | H8: =IFERROR(G8/F8,"") -> 1538.5714 | I8: =AVERAGEIFS('Cleaned Sessions'!$K$6:$K$33,'Cleaned Sessions'!C$6:C$33,$A8) -> 4.5857143
A9: Project Planning | B9: =COUNTIF('Cleaned Sessions'!C$6:C$33,$A9) -> 7 | C9: =SUMIF('Cleaned Sessions'!C$6:C$33,$A9,'Cleaned Sessions'!$G$6:$G$33) -> 134 | D9: =SUMIF('Cleaned Sessions'!C$6:C$33,$A9,'Cleaned Sessions'!$M$6:$M$33) -> 119 | E9: =IFERROR(D9/C9,"") -> 0.8880597 | F9: =SUMPRODUCT(('Cleaned Sessions'!C$6:C$33=$A9)*(ISNUMBER('Cleaned Sessions'!$O$6:$O$33))) -> 6 | G9: =SUMIF('Cleaned Sessions'!C$6:C$33,$A9,'Cleaned Sessions'!$O$6:$O$33) -> 11805 | H9: =IFERROR(G9/F9,"") -> 1967.5 | I9: =AVERAGEIFS('Cleaned Sessions'!$K$6:$K$33,'Cleaned Sessions'!C$6:C$33,$A9) -> 4.4
A10: 2. Summary by delivery format
A11: Delivery format | B11: Sessions | C11: Total bookings | D11: Total attended | E11: Attendance rate | F11: Sessions with known net revenue | G11: Total known net revenue | H11: Avg net revenue / session (known) | I11: Avg satisfaction (excl. missing)
A12: Online | B12: =COUNTIF('Cleaned Sessions'!D$6:D$33,$A12) -> 14 | C12: =SUMIF('Cleaned Sessions'!D$6:D$33,$A12,'Cleaned Sessions'!$G$6:$G$33) -> 297 | D12: =SUMIF('Cleaned Sessions'!D$6:D$33,$A12,'Cleaned Sessions'!$M$6:$M$33) -> 259 | E12: =IFERROR(D12/C12,"") -> 0.87205387 | F12: =SUMPRODUCT(('Cleaned Sessions'!D$6:D$33=$A12)*(ISNUMBER('Cleaned Sessions'!$O$6:$O$33))) -> 14 | G12: =SUMIF('Cleaned Sessions'!D$6:D$33,$A12,'Cleaned Sessions'!$O$6:$O$33) -> 24065 | H12: =IFERROR(G12/F12,"") -> 1718.9286 | I12: =AVERAGEIFS('Cleaned Sessions'!$K$6:$K$33,'Cleaned Sessions'!D$6:D$33,$A12) -> 4.3538462
A13: In-person | B13: =COUNTIF('Cleaned Sessions'!D$6:D$33,$A13) -> 14 | C13: =SUMIF('Cleaned Sessions'!D$6:D$33,$A13,'Cleaned Sessions'!$G$6:$G$33) -> 233 | D13: =SUMIF('Cleaned Sessions'!D$6:D$33,$A13,'Cleaned Sessions'!$M$6:$M$33) -> 217 | E13: =IFERROR(D13/C13,"") -> 0.93133047 | F13: =SUMPRODUCT(('Cleaned Sessions'!D$6:D$33=$A13)*(ISNUMBER('Cleaned Sessions'!$O$6:$O$33))) -> 13 | G13: =SUMIF('Cleaned Sessions'!D$6:D$33,$A13,'Cleaned Sessions'!$O$6:$O$33) -> 20975 | H13: =IFERROR(G13/F13,"") -> 1613.4615 | I13: =AVERAGEIFS('Cleaned Sessions'!$K$6:$K$33,'Cleaned Sessions'!D$6:D$33,$A13) -> 4.5785714
A15: Chart data: average net revenue per session by course, sorted highest to lowest. Uses only sessions with known refund information (missing-refund sessions excluded).
A16: Course | B16: Avg net revenue / session (known)
A17: Project Planning | B17: =H9 -> 1967.5
A18: AI at Work | B18: =H6 -> 1827.1429
A19: Present with Confidence | B19: =H8 -> 1538.5714
A20: Excel Essentials | B20: =H7 -> 1382.1429
A42: Observations for next quarter's schedule
A43: Fact: | B43: Among sessions with known refunds, Project Planning earns the highest average net revenue per session (about $1,968), followed by AI at Work (about $1,827); Excel Essentials is lowest (about $1,382).
A44: Interpretation: | B44: If revenue is the priority, Project Planning and AI at Work look like the stronger candidates to schedule more often next quarter - but this should be weighed against attendance and satisfaction below, not revenue alone.
A45: Fact: | B45: In-person sessions have a higher attendance rate (about 93%) than online sessions (about 87%), even though online sessions had more total bookings (297 vs. 233).
A46: Interpretation: | B46: Online formats may be attracting more sign-ups, but a larger share of those bookings don't show up. In-person sessions convert bookings into attendees more reliably.
A47: Fact: | B47: Average satisfaction is close across courses (roughly 4.2 to 4.7 out of 5) and across formats (about 4.6 in-person vs. 4.4 online) - satisfaction does not clearly separate one course or format from another the way net revenue and attendance rate do.
A48: Interpretation / limitation: | B48: These summaries should be treated as directional, not final. Two known data issues limit confidence: session S-107 is missing its refund amount, so it is excluded from every net revenue figure above (and flagged in the Cleaned Sessions sheet); and session S-119 had more bookings than its listed capacity, which is left unexplained. Both should be confirmed with whoever owns the source data before these numbers are used to finalize the schedule.
